{"cameraMode":{"drawMode":0,"name":"Shaded","section":"Shading Mode"},"sceneLighting":true,"audioPlay":false,"sceneViewState":{"showFog":true,"showMaterialUpdate":false,"showSkybox":true,"showFlares":true,"showImageEffects":true,"showParticleSystems":true},"in2DMode":false,"pivot":{"x":282.36199951171877,"y":166.03846740722657,"z":568.0750732421875},"rotation":{"x":0.08331186324357987,"y":-0.011362040415406227,"z":0.0009347775485366583,"w":0.996501624584198},"size":2197.328857421875,"orthographic":false}